EMA_Short,EMA_Long,RSI,OBV,MACD,Weekly_Price
168.6645,167.9879,44.8324,94570132662.0,0.6766000000000076,161.79
168.9794,168.0503,49.8726,94655015086.0,0.9291000000000054,165.29
168.9893,168.0152,49.5602,94742242854.0,0.9740999999999927,170.09
169.02200000000002,167.9848,41.3574,94809960964.0,1.0371999999999844,174.31
169.5938,168.1058,38.7194,94742237131.0,1.4879999999999995,174.72
170.4043,168.2766,51.3926,94811261072.0,2.1277000000000044,163.98
170.3735,168.18099999999998,43.3472,94886590448.0,2.1924999999999955,154.73
170.7997,168.2133,44.6443,94815971523.0,2.5863999999999976,163.17
171.1968,168.2212,46.0012,94736706342.0,2.9755999999999863,164.85
171.55200000000002,168.2012,52.3757,94808953048.0,3.3507999999999925,167.3
171.5195,168.0551,51.1453,94885528556.0,3.4643999999999835,168.64
171.5708,167.9284,53.5556,94807933906.0,3.6423999999999808,172.39
171.4581,167.7475,65.4458,94896992688.0,3.7106,170.1129
170.595,167.3495,61.0041,94967895687.0,3.2454999999999927,162.203
170.0271,167.0548,60.1546,94891349704.0,2.9722999999999904,172.8494
169.4553,166.7701,69.8125,94970101032.0,2.6851999999999805,171.9506
168.2574,166.3182,71.7444,95073150317.0,1.9392,177.3437
166.7871,165.81900000000002,69.7722,95165783471.0,0.968100000000021,176.0553
165.3724,165.3752,64.3264,95065194031.0,-0.0028000000000076852,170.9219
164.4013,165.0979,68.5301,94974822115.0,-0.6966000000000179,179.2213
163.0472,164.7395,65.1499,94894540451.0,-1.6922999999999888,161.6337
161.9025,164.4815,61.0509,94804409033.0,-2.579000000000008,156.6101
161.0329,164.3383,57.4088,94706346359.0,-3.3053999999999917,160.3454
160.3933,164.2904,54.3077,94625366604.0,-3.897099999999994,149.7988
159.94799999999998,164.3223,49.3268,94536337335.0,-4.374300000000005,151.0872
159.8677,164.4779,45.9695,94414281800.0,-4.610199999999992,149.3918
160.0474,164.7174,43.1882,94338666424.0,-4.669999999999988,148.2848
160.4756,165.0304,30.493000000000002,94236366267.0,-4.5548,144.4453
161.8436,165.6071,31.0515,94143401965.0,-3.7634999999999934,142.5106
163.3284,166.185,40.024,94252134076.0,-2.8566000000000145,142.2613
163.9567,166.4811,41.8729,94349104178.0,-2.5243999999999858,146.5197
164.4934,166.7374,43.6967,94454446211.0,-2.244,145.662
164.9246,166.9522,38.6922,94362991306.0,-2.0276000000000067,148.5641
165.7966,167.2842,44.8238,94494139586.0,-1.4875999999999865,153.8796
166.1447,167.4443,46.4735,94590558431.0,-1.299599999999998,148.1951
166.3811,167.5649,52.6118,94674378023.0,-1.1837999999999909,147.7862
166.0827,167.528,46.0358,94751056464.0,-1.4453000000000031,148.6937
166.3245,167.6561,46.4696,94671331714.0,-1.3316000000000088,145.7418
166.5573,167.7769,43.9197,94754806139.0,-1.2196000000000142,145.2439
167.0569,167.9695,44.8367,94659749510.0,-0.9125999999999976,147.9325
167.5165,168.138,24.3025,94567775288.0,-0.6214999999999975,145.7717
169.6503,168.773,39.5549,94426627748.0,0.8772999999999911,144.4971
170.2374,168.905,38.0427,94516636995.0,1.3324000000000071,139.3688
170.9885,169.0652,47.2346,94607094632.0,1.923299999999984,132.5478
171.1554,169.0344,49.9501,94689867306.0,2.120999999999981,129.909
171.1733,168.9529,51.7652,94759456650.0,2.220400000000012,126.8121
171.0767,168.8347,50.0107,94820634048.0,2.2419999999999902,125.3583
171.0919,168.7475,42.2808,94756347728.0,2.3444000000000083,124.0837
171.6236,168.8037,52.3111,94670162198.0,2.8199000000000183,124.9002
171.5227,168.6598,56.7312,94768832885.0,2.862899999999996,126.9117
171.1488,168.4361,61.681000000000004,94859698784.0,2.712699999999984,129.66
170.4487,168.1254,53.4055,94788413746.0,2.323299999999989,130.6839
170.2656,167.9782,56.2661,94713584529.0,2.2874000000000194,133.52700000000002
169.895,167.77900000000002,53.9478,94790835733.0,2.1160000000000143,133.368
169.64,167.6198,60.2241,94873301133.0,2.0201999999999884,132.2099
168.9803,167.3488,60.8787,94962719207.0,1.6314999999999884,122.2739
168.1886,167.05599999999998,59.7878,94877804951.0,1.1325999999999965,120.4944
167.3886,166.7812,53.7014,94964018862.0,0.6073999999999842,119.2816
167.0237,166.6522,45.0496,94848477272.0,0.3714999999999975,120.3155
167.2416,166.6993,37.3278,94668541612.0,0.5423000000000116,120.7032
167.9557,166.8812,38.9129,94790496250.0,1.0745000000000005,120.5441
168.622,167.0277,26.8841,94898771558.0,1.5943000000000045,129.1033
170.0283,167.3644,28.0269,95014569925.0,2.6639000000000124,134.5708
171.4872,167.6725,33.4323,95177276611.0,3.814699999999988,135.9526
172.5275,167.81400000000002,37.2009,95300125469.0,4.7135000000000105,130.9846
173.3504,167.8568,42.2471,95391545984.0,5.493600000000013,138.0421
173.8599,167.7781,44.9936,95484460776.0,6.081800000000015,126.2003
174.2269,167.6347,44.6289,95574961012.0,6.592199999999992,131.07399999999998
174.6705,167.4924,52.8692,95494520232.0,7.1781000000000015,131.7092
174.544,167.1633,53.5507,95579025992.0,7.380700000000019,130.9946
174.3509,166.8069,46.6313,95504220819.0,7.543999999999982,125.7188
174.6724,166.5908,39.7433,95428283134.0,8.081600000000009,121.5052
175.5021,166.498,46.0308,95321517582.0,9.004100000000024,121.3464
175.9068,166.2461,45.6449,95234808435.0,9.660699999999991,115.7282
176.3963,165.9916,59.5941,95331712390.0,10.404699999999991,116.4727
175.9699,165.4451,67.7365,95426249992.0,10.5248,118.3785
175.0517,164.7532,59.898999999999994,95525560430.0,10.298500000000018,117.8127
174.6872,164.2287,60.6029,95420859210.0,10.458499999999988,107.8691
174.2343,163.6724,64.2962,95482520643.0,10.56189999999998,113.9928
173.519,163.037,64.0972,95542293657.0,10.482,117.9366
172.7215,162.3813,66.0624,95479944726.0,10.340199999999982,115.9052
171.6916,161.665,62.1979,95559089065.0,10.026600000000002,111.9912
170.9534,161.0448,60.5751,95484169483.0,9.90859999999998,111.2579
170.2859,160.4496,56.7754,95415812916.0,9.836299999999994,105.8675
169.924,159.9448,54.6988,95323677613.0,9.979200000000018,110.9805
169.7222,159.4798,49.9237,95232491708.0,10.242399999999977,119.8589
169.9589,159.1294,52.4296,95339990822.0,10.829499999999996,123.6714
169.9939,158.6974,70.4691,95535914263.0,11.296500000000007,123.2379
168.7,157.8666,65.7372,95686100106.0,10.833399999999983,113.8615
167.8162,157.1719,66.057,95555036849.0,10.644300000000015,110.1011
166.7861,156.4431,80.8963,95694417231.0,10.343000000000018,105.0988
164.7721,155.4455,76.0085,95847654250.0,9.326599999999985,91.6029
163.3136,154.6481,75.7296,95732251519.0,8.665500000000009,95.2749
161.6888,153.8302,73.0689,95841175258.0,7.8585999999999965,94.8718
160.2293,153.0924,69.8123,95724176357.0,7.136899999999998,90.0328
158.9957,152.4487,63.5769,95603771005.0,6.546999999999998,87.4414
158.2692,151.9739,63.1912,95496274023.0,6.295300000000026,86.4746
157.4776,151.4907,54.7495,95614297139.0,5.9868999999999915,83.7744
157.3268,151.2033,83.1471,95751036313.0,6.123499999999979,81.9694
155.9069,150.5477,71.9078,95903459316.0,5.359200000000016,78.6164
155.3534,150.1708,70.4525,95729411260.0,5.1825999999999794,78.8513
154.8087,149.8036,71.5096,95640663043.0,5.005099999999999,76.0869
154.1582,149.4135,77.9025,95717622795.0,4.744699999999996,76.6853
153.2458,148.9591,79.91,95648159172.0,4.286699999999996,71.2893
152.1503,148.4712,82.8171,95552117273.0,3.679099999999977,69.7849
150.8183,147.9404,77.5204,95434649384.0,2.8778999999999826,69.743
149.8711,147.5523,69.1541,95317343787.0,2.3188000000000097,66.0906
149.3506,147.309,59.8979,95179516114.0,2.0415999999999883,59.5356
149.1432,147.1664,55.1959,95090709114.0,1.9767999999999968,61.0967
149.0567,147.061,57.6766,95031452904.0,1.9957,56.5343
148.8965,146.9338,48.229,94972230101.0,1.9627000000000123,68.5519
148.9901,146.8804,51.0298,94908984904.0,2.109700000000004,71.2794
149.0216,146.8033,56.9867,94949984854.0,2.2183,67.415
148.9062,146.6798,58.0218,95015171946.0,2.2264000000000124,77.2031
148.7488,146.5439,65.1854,94958598497.0,2.2048999999999808,80.1379
148.3962,146.3532,68.1912,95013619365.0,2.0430000000000064,78.9245
147.9247,146.1351,66.6633,94948155482.0,1.7896000000000072,76.1469
147.4615,145.9297,63.0861,95008550098.0,1.5318000000000045,78.3119
147.1017,145.7644,57.056999999999995,94954038564.0,1.337299999999999,78.4153
146.937,145.6627,58.6773,94885116190.0,1.2743000000000109,76.3487
146.7024,145.5437,51.9951,94958512741.0,1.1587000000000105,73.1749
146.6865,145.4918,66.168,95083465909.0,1.1946999999999832,71.2978
146.2971,145.3318,64.63600000000001,94983388021.0,0.9653000000000134,68.749
145.9177,145.184,64.5418,95039482950.0,0.7336999999999989,67.6935
145.4884,145.0314,62.5982,94978589555.0,0.4570000000000221,66.6012
145.0903,144.899,67.7951,95029310111.0,0.1913000000000125,65.7499
144.4915,144.7201,65.5525,95088193554.0,-0.2286000000000001,64.4042
143.9325,144.5698,65.2805,95026772564.0,-0.637299999999982,65.3834
143.3093,144.4177,61.0255,94968353776.0,-1.108399999999989,64.0007
142.8378,144.3283,49.2073,94891974882.0,-1.4905000000000257,62.7516
142.8069,144.3803,50.4628,94806385707.0,-1.5733999999999924,60.4851
142.7253,144.4212,43.8808,94738445373.0,-1.6958999999999946,57.9904
142.8685,144.5313,40.1055,94668538273.0,-1.6627999999999759,57.9414
143.1569,144.6815,46.5285,94747300994.0,-1.5245999999999924,55.6847
143.2022,144.7567,42.5434,94820336853.0,-1.5544999999999902,53.6757
143.3907,144.874,48.5086,94884789072.0,-1.4832999999999856,53.4083
143.3555,144.9245,44.6597,94943562227.0,-1.5689999999999884,53.6585
143.4534,145.0165,26.313000000000002,94881829571.0,-1.56310000000002,52.3118
144.0767,145.2584,26.3568,94798608452.0,-1.1817000000000064,51.2031
144.7862,145.5094,31.7583,94717747390.0,-0.7231999999999914,49.7068
145.2737,145.6782,32.1237,94816069398.0,-0.40450000000001296,50.6536
145.8109,145.8482,36.9316,94721429817.0,-0.03729999999998768,49.302
146.1741,145.9535,30.612,94810486481.0,0.2206000000000188,49.8543
146.7588,146.1115,32.5352,94735884437.0,0.6473000000000013,50.7633
147.3158,146.2442,38.7752,94844856777.0,1.0715999999999894,49.5049
147.6361,146.292,39.3567,94919007506.0,1.3440999999999974,49.6784
147.9751,146.334,42.3335,94865529637.0,1.6410999999999945,49.9056
148.2214,146.3374,32.0553,94800691467.0,1.8839999999999857,48.3637
148.8165,146.4305,29.3776,94724287126.0,2.385999999999996,48.5739
149.5705,146.5486,28.7457,94648453164.0,3.0219000000000165,47.0979
150.4509,146.6768,41.7165,94771932027.0,3.7741000000000042,46.465
150.7418,146.6058,39.868,94901800851.0,4.136000000000024,42.7801
151.1284,146.5475,40.2307,94969835000.0,4.5808999999999855,43.7331
151.5532,146.4819,45.8267,94886553685.0,5.071300000000008,46.184
151.7836,146.3407,46.742,94995849980.0,5.442900000000009,48.1829
152.007,146.1824,64.97,94893445651.0,5.824600000000004,51.5419
151.6398,145.8397,67.6316,95034338886.0,5.800100000000015,49.7285
151.1502,145.4631,76.1714,95091644616.0,5.687100000000013,49.6214
150.3785,145.0105,71.857,95166064823.0,5.367999999999995,48.4068
149.7829,144.6212,68.7959,95083786562.0,5.1617000000000255,47.9516
149.2746,144.2653,69.4136,95025920496.0,5.009299999999996,46.2356
148.678,143.8904,66.8834,94954749179.0,4.787599999999999,46.5034
148.1444,143.5425,66.4754,94874435468.0,4.6019000000000005,45.3033
147.5587,143.1874,55.9632,94960888585.0,4.371299999999991,42.0879
147.4108,142.9667,50.1168,94869931862.0,4.4440999999999935,42.5893
147.4584,142.7989,53.7959,94814129474.0,4.659500000000008,42.1025
147.3887,142.5888,60.5043,94862726669.0,4.799900000000008,41.4818
147.1012,142.3107,59.3802,94921717966.0,4.790500000000009,41.4794
146.8238,142.0359,55.7945,94970324394.0,4.787900000000008,40.3596
146.6692,141.7963,52.9413,94910192584.0,4.872899999999987,38.2365
146.6165,141.5824,43.9166,94849642954.0,5.034099999999995,38.0086
146.8996,141.4578,66.7035,94762682644.0,5.4418000000000015,36.9107
146.5435,141.1339,69.6349,94849008634.0,5.409599999999983,35.9339
146.0754,140.7794,64.0263,94941238369.0,5.295999999999992,37.8656
145.7818,140.4794,66.8795,94837679587.0,5.302400000000006,36.5326
145.3843,140.1494,55.4643,94778833294.0,5.234899999999982,40.1076
145.3262,139.9191,54.7576,94705054181.0,5.407100000000013,40.8371
145.2796,139.6851,57.0264,94656560718.0,5.5944999999999805,43.2826
145.1708,139.4256,56.0171,94725583799.0,5.745200000000013,41.7581
145.0807,139.1654,56.7671,94774492488.0,5.915300000000002,46.9061
144.9564,138.8884,58.6959,94828619301.0,6.068000000000013,49.5576
144.756,138.5835,59.9945,94782221627.0,6.172500000000013,50.1117
144.4857,138.2543,55.5372,94838589898.0,6.231400000000009,52.2419
144.3845,137.9711,57.7175,94773803280.0,6.4133999999999975,52.9689
144.1906,137.6539,51.5554,94836683241.0,6.536699999999996,53.6452
144.2507,137.4043,52.6185,94766242615.0,6.8463999999999885,54.1717
144.2759,137.132,53.0218,94711919568.0,7.143900000000002,54.5219
144.287,136.8436,69.5679,94830850759.0,7.443399999999998,52.5704
143.6865,136.3682,67.7835,94935669337.0,7.318299999999994,54.063
143.1212,135.908,66.2759,94863235248.0,7.2132,53.4496
142.5776,135.4583,62.7578,94791787832.0,7.119299999999981,54.9784
142.186,135.0558,61.8598,94714449676.0,7.130200000000002,52.2081
141.7961,134.6534,57.1017,94789443136.0,7.142699999999992,52.5511
141.645,134.3187,58.0142,94693093100.0,7.326300000000002,50.1238
141.431,133.9585,75.6974,94814527671.0,7.472500000000025,50.0588
140.5164,133.3922,79.3,94907779097.0,7.124200000000003,45.9648
139.3603,132.7711,77.9176,95014599394.0,6.5892000000000035,46.0756
138.2011,132.1709,71.8845,94887548609.0,6.030200000000009,46.0491
137.4553,131.7117,82.7879,94786721510.0,5.7435999999999865,45.2404
136.2929,131.1452,78.0271,94863021229.0,5.147700000000015,44.5521
135.4566,130.6961,76.0075,94763130429.0,4.7605000000000075,44.5063
134.6672,130.2763,88.1989,94868705887.0,4.390900000000016,45.4498
133.487,129.7599,84.1414,94763794298.0,3.727100000000007,46.1381
132.6311,129.3632,80.3293,94655612505.0,3.2678999999999974,45.7867
131.9616,129.0385,77.4003,94576666933.0,2.9231000000000047,45.3872
131.3814,128.7534,76.3521,94524181152.0,2.6280000000000143,44.8409
130.7795,128.4742,72.7245,94460919759.0,2.305300000000017,45.3896
130.2865,128.2392,68.2814,94396363678.0,2.0472999999999786,44.0734
129.9207,128.0512,68.6434,94334252375.0,1.8695000000000164,38.9163
129.4957,127.8534,75.805,94405036121.0,1.6423000000000059,39.7315
128.869,127.6074,74.1369,94473747119.0,1.2616000000000014,41.8917
128.2496,127.3789,69.5856,94533961319.0,0.8706999999999852,40.3692
127.775,127.2077,63.0566,94459177701.0,0.5673000000000029,40.2254
127.4929,127.104,65.9096,94379514385.0,0.3889000000000067,39.5445
127.1122,126.9793,62.5225,94488467694.0,0.13290000000000646,42.6804
126.8066,126.8866,66.2322,94391746025.0,-0.0799999999999983,43.1503
126.3762,126.7669,64.8147,94300406674.0,-0.3907000000000096,42.2465
125.9454,126.6598,56.7613,94363153006.0,-0.7143999999999977,42.0763
125.7548,126.6345,50.5647,94266246516.0,-0.8796999999999997,41.3402
125.7204,126.6605,53.1696,94212724143.0,-0.940100000000001,37.4994
125.6114,126.6678,54.143,94283910564.0,-1.0563999999999965,38.3256
125.4598,126.6676,51.5817,94227032627.0,-1.2077999999999918,40.9547
125.3733,126.6921,49.803000000000004,94152628853.0,-1.3187999999999958,42.6143
125.3356,126.7352,40.137,94081571303.0,-1.3996000000000066,42.2871
125.5912,126.8654,42.2646,94006401960.0,-1.2741999999999931,41.7881
125.7966,126.9761,40.4001,94082631130.0,-1.1795000000000044,40.4103
126.0883,127.1076,42.8935,94023352268.0,-1.0193000000000012,41.7905
126.3078,127.2119,44.4042,94090989386.0,-0.9040999999999996,41.5421
126.48899999999999,127.3005,47.0524,94162300495.0,-0.8114999999999952,40.4437
126.5723,127.3575,48.5964,94256926096.0,-0.7852000000000032,40.8449
126.5942,127.3958,51.1329,94313502016.0,-0.8015999999999934,41.7809
126.4962,127.4005,45.8059,94385511498.0,-0.9042999999999921,40.6299
126.6417,127.479,50.7887,94322418553.0,-0.8372999999999989,41.7093
126.5506,127.4871,42.7714,94401713989.0,-0.9364999999999952,41.0431
126.8148,127.6008,35.1749,94324856866.0,-0.7860000000000014,38.7946
127.4112,127.8033,43.7621,94417468855.0,-0.3920999999999992,37.1767
127.6092,127.8759,44.51,94480811784.0,-0.26670000000000016,37.3528
127.7984,127.9408,42.5737,94555056408.0,-0.14239999999999498,36.9507
128.0958,128.0316,36.7544,94473138457.0,0.06419999999999959,36.6699
128.6732,128.194,32.398,94367277118.0,0.4792000000000201,36.1393
129.501,128.4109,32.5691,94479449400.0,1.0901000000000067,38.0404
130.4328,128.6327,45.2924,94605592226.0,1.8000999999999865,37.743
130.657,128.6232,49.536,94693663455.0,2.0338000000000136,39.0325
130.7084,128.5549,38.0076,94614690182.0,2.153500000000008,38.0356
131.2189,128.6129,41.5234,94536561848.0,2.6059999999999945,37.4741
131.6163,128.62,47.5349,94452560948.0,2.996299999999991,37.4693
131.7878,128.5467,50.3364,94590125666.0,3.241100000000017,37.0597
131.8632,128.436,49.5173,94514990566.0,3.4271999999999987,35.427
131.9862,128.3312,67.6226,94624830032.0,3.655000000000001,35.6094
131.4607,128.0319,61.8391,94775930985.0,3.4287999999999954,35.318000000000005
131.1669,127.80799999999999,65.238,94883691082.0,3.358899999999992,34.1663
130.7318,127.5466,64.7901,94949706886.0,3.1851999999999947,34.1284
130.26,127.2818,57.476000000000006,94882801817.0,2.978199999999987,34.6639
130.1001,127.1146,61.2501,94804045038.0,2.985500000000002,33.7137
129.7923,126.9048,59.3959,94888611494.0,2.887500000000017,35.3037
129.5371,126.714,71.4294,94819764358.0,2.8231000000000117,36.8369
128.8677,126.4075,68.1307,94914576707.0,2.4602000000000146,36.4009
128.3171,126.1498,72.0476,94820312492.0,2.167300000000012,36.2706
127.5757,125.8495,71.1403,94905234878.0,1.7261999999999915,36.991
126.7965,125.5564,76.3441,94815887776.0,1.2400999999999982,35.1551
125.7469,125.2059,72.26899999999999,94903110558.0,0.5409999999999968,33.9019
124.9025,124.9426,72.6294,94811844013.0,-0.04009999999999536,33.5763
123.926,124.6652,67.7015,94903263996.0,-0.7391999999999967,33.2883
123.1964,124.4869,65.9788,94796577293.0,-1.2905000000000086,33.8288
122.4832,124.3358,58.7021,94707732702.0,-1.8526000000000096,33.9043
122.1112,124.3051,61.2334,94624265986.0,-2.1939,33.1916
121.5909,124.24600000000001,54.2665,94544094733.0,-2.6550999999999902,33.0382
121.3698,124.2912,53.6681,94455443558.0,-2.9214000000000047,32.8376
121.1469,124.3468,47.7828,94380354424.0,-3.1998999999999995,32.9886
121.1776,124.4862,42.77,94262030598.0,-3.3085999999999984,32.2523
121.4314,124.6937,46.8147,94347702517.0,-3.2623000000000104,32.0304
121.5028,124.8473,42.6977,94266883314.0,-3.3445000000000107,31.1808
121.7689,125.0598,40.0973,94172812080.0,-3.2908999999999935,30.3328
122.1882,125.3139,48.0427,94073967399.0,-3.125700000000009,28.6573
122.2015,125.4453,49.4129,94162497884.0,-3.2438000000000082,28.1991
122.1443,125.5614,40.4165,94257965026.0,-3.417100000000005,27.9735
122.505,125.8039,39.0175,94146052742.0,-3.298900000000004,27.7079
122.9782,126.0738,45.711999999999996,94331602264.0,-3.0956000000000046,27.2168
123.0959,126.2337,48.6623,94453072019.0,-3.1377999999999986,27.3813
123.0642,126.3528,53.0042,94565004655.0,-3.2886000000000024,27.2521
122.7937,126.4097,40.6027,94449776719.0,-3.616,26.7774
123.0937,126.64299999999999,37.0848,94357186164.0,-3.5493000000000023,25.8257
123.5801,126.9268,41.8064,94445291214.0,-3.3466999999999985,26.2698
123.83200000000001,127.1354,39.0315,94342264700.0,-3.3034000000000106,25.8633
124.2406,127.387,29.5731,94454208026.0,-3.1464,25.4802
125.0854,127.7568,32.8492,94324682246.0,-2.671399999999992,25.5766
125.781,128.0646,32.9356,94479058856.0,-2.283600000000007,26.5854
126.5689,128.3829,34.1818,94325292255.0,-1.8140000000000072,27.2586
127.36,128.683,39.532,94503447230.0,-1.3229999999999933,27.4994
127.8295,128.8711,47.3851,94616413570.0,-1.0416000000000167,26.6648
127.8549,128.9209,31.541999999999998,94718674515.0,-1.0659999999999883,26.4287
128.5457,129.1618,26.5898,94602366623.0,-0.6160999999999888,26.3492
129.4999,129.4595,30.1233,94438941951.0,0.04040000000000532,26.8659
130.2936,129.6847,30.5783,94583708875.0,0.6089000000000055,24.1096
131.1637,129.9084,26.0139,94694748779.0,1.2553000000000054,25.185
132.3258,130.1892,33.0597,94853021801.0,2.1365999999999867,25.0003
133.0503,130.309,37.9084,94955908723.0,2.7412999999999954,25.5661
133.5616,130.3432,33.8353,94868239889.0,3.2184000000000026,25.2902
134.2936,130.421,38.2914,94965096637.0,3.8726000000000056,25.1266
134.8391,130.4188,50.7271,95062468836.0,4.4202999999999975,24.2317
134.8604,130.2444,46.5246,95143045152.0,4.6159999999999854,22.9411
135.0466,130.1092,51.9461,95082900022.0,4.937400000000026,22.969
135.0393,129.9056,54.0679,95147180051.0,5.133700000000005,22.4807
134.9486,129.6702,54.552,95219828039.0,5.278400000000005,22.296999999999997
134.825,129.4194,52.9544,95295815028.0,5.405599999999993,21.718000000000004
134.7676,129.1824,56.988,95224517814.0,5.585199999999987,22.1668
134.5145,128.8821,53.9917,95300211644.0,5.632399999999992,22.9807
134.4034,128.6204,52.717,95216028583.0,5.783000000000016,22.7691
134.3529,128.37,52.6514,95305909520.0,5.982900000000001,23.3341
134.2995,128.1105,48.3996,95223643101.0,6.188999999999992,22.1412
134.5192,127.9207,52.89,95117403278.0,6.5985000000000165,21.0484
134.4754,127.6389,62.0869,95294927090.0,6.836500000000001,21.5599
133.9021,127.196,74.4296,95437548218.0,6.706099999999991,21.6646
132.6924,126.5767,75.0131,95578391977.0,6.1156999999999915,24.4242
131.2858,125.9252,74.4511,95480001422.0,5.360599999999991,25.3879
129.7534,125.2685,65.5049,95322389709.0,4.484899999999996,25.1129
128.9649,124.8602,61.0179,95207930349.0,4.104699999999993,25.4203
128.4155,124.5357,48.5293,95087400805.0,3.879800000000003,24.4218
128.5164,124.4061,45.8565,94983081316.0,4.1103000000000085,24.4796
128.7565,124.307,48.4284,94892323987.0,4.449499999999986,23.6337
128.8892,124.1633,53.9271,95003922518.0,4.725899999999982,23.8071
128.7543,123.9318,48.6252,95094144273.0,4.822500000000005,22.3973
128.8895,123.7736,47.938,95005507442.0,5.115899999999996,22.1962
129.0808,123.6195,49.5201,95095947697.0,5.4613000000000085,21.7224
129.2016,123.4311,57.5464,95196568577.0,5.7705000000000135,21.7294
128.8802,123.1037,48.0219,95091410332.0,5.776499999999999,22.3762
129.0901,122.9279,46.3174,94981832175.0,6.162200000000013,23.3141
129.4207,122.7708,48.9589,95136920145.0,6.6499000000000175,22.3279
129.6326,122.56,61.438,95039255247.0,7.072599999999994,22.2889
129.2182,122.1529,63.1913,95182557134.0,7.0652999999999935,24.1968
128.6652,121.7065,67.8598,95281673720.0,6.958699999999992,24.8336
127.8206,121.1812,76.2032,95378125844.0,6.639399999999995,24.3738
126.505,120.5343,70.9126,95499173168.0,5.970699999999994,26.0175
125.5772,120.0255,66.505,95376048536.0,5.551700000000012,27.3622
124.8955,119.6041,69.4863,95321118472.0,5.291399999999996,27.0818
123.9972,119.1315,68.6584,95409342164.0,4.865700000000004,27.4243
123.0487,118.6619,55.695,95239990339.0,4.386799999999994,25.8244
122.899,118.4401,71.6391,95118738786.0,4.4589,27.8289
122.1694,118.0496,71.5274,95311280282.0,4.119799999999998,27.3527
121.3439,117.6456,68.7787,95216920471.0,3.6983000000000033,27.2565
120.6119,117.2855,61.9711,95315129062.0,3.3264000000000067,25.4162
120.2106,117.0351,57.211999999999996,95157556800.0,3.1754999999999995,25.6634
119.9987,116.8449,56.7359,95236632788.0,3.1538000000000044,25.2652
119.7807,116.6539,51.1865,95323572574.0,3.126800000000003,26.2563
119.8051,116.5333,67.444,95242260404.0,3.271799999999999,25.9679
119.2617,116.2445,67.0703,95357349597.0,3.0172000000000025,26.1418
118.6632,115.9503,62.0181,95275124085.0,2.7129000000000048,25.0111
118.2714,115.7276,63.2475,95188412095.0,2.5438000000000045,25.9312
117.7825,115.4841,67.0422,95266672516.0,2.298400000000001,24.2077
117.0933,115.1934,63.8605,95345640146.0,1.8999000000000024,26.5424
116.5183,114.9516,61.6149,95256635951.0,1.5666999999999967,26.4417
116.0044,114.7408,50.5543,95130714988.0,1.263600000000011,27.6398
115.99,114.6851,49.2512,94961304812.0,1.3048999999999893,28.369
116.0302,114.6433,45.9843,94914613481.0,1.3868999999999971,29.5356
116.2208,114.6412,40.4357,94838114247.0,1.5795999999999992,28.090999999999998
116.6712,114.7054,49.574,94724887999.0,1.9658000000000009,28.811
116.7222,114.6397,54.5256,94852847317.0,2.082499999999996,28.8817
116.5735,114.5123,51.3825,94926451604.0,2.0611999999999995,28.8475
116.5525,114.4221,54.6872,94852338632.0,2.1303999999999945,28.9774
116.3838,114.287,57.7689,94928660743.0,2.096799999999988,29.3146
116.0577,114.1082,56.283,95002931716.0,1.9495000000000005,29.686
115.7744,113.9477,57.7936,94911748698.0,1.8267000000000024,30.201
115.3768,113.7596,58.2809,94830060112.0,1.6171999999999969,29.342
114.897,113.5564,53.5189,94933410786.0,1.3406000000000091,29.0799
114.6931,113.4435,50.0561,94821115832.0,1.249600000000001,29.2615
114.6927,113.3924,62.7562,94959139222.0,1.3003000000000071,29.5633
113.9904,113.1386,58.592,95113654537.0,0.8517999999999972,28.3084
113.4968,112.9628,57.4663,95228112459.0,0.5339999999999918,28.8417
113.014,112.8031,49.2255,95101725385.0,0.2108999999999952,28.4378
113.0016,112.7909,36.1296,94963489903.0,0.2107000000000028,27.968000000000004
113.6215,112.9595,34.256,94855865455.0,0.6619999999999919,28.5694
114.4079,113.1571,37.7936,94978732354.0,1.2507999999999981,28.0452
115.0306,113.28399999999999,40.3105,95169305830.0,1.7466000000000008,28.7282
115.5569,113.363,45.943999999999996,95023176657.0,2.1939,29.1503
115.7789,113.3369,46.9128,95167114480.0,2.441999999999993,29.3852
115.9703,113.292,43.2931,95074837708.0,2.678299999999993,28.8372
116.3986,113.305,48.0331,94962987051.0,3.093599999999995,26.9877
116.5512,113.2223,50.2379,95045559696.0,3.32889999999999,26.4823
116.5756,113.0934,48.6778,95147547650.0,3.4821999999999917,25.5375
116.7138,112.9908,47.7901,95237493630.0,3.723000000000013,23.9575
116.9383,112.90299999999999,54.5882,95113069902.0,4.035299999999992,25.3182
116.6626,112.6595,57.1571,95233709239.0,4.0031000000000025,24.7125
116.1607,112.3527,53.323,95349103047.0,3.8080000000000074,25.7658
115.9495,112.1369,57.4436,95461662266.0,3.8126000000000033,25.2663
115.3853,111.8201,66.0462,95310599958.0,3.5652000000000044,24.8029
114.1361,111.3177,59.3634,95572930409.0,2.818399999999997,25.9941
113.446,111.0055,51.4776,95332703640.0,2.4405,26.8824
113.3339,110.8738,53.3691,95232196775.0,2.460099999999997,26.3264
113.0685,110.6976,50.6253,95315673928.0,2.370900000000006,25.8087
112.9959,110.5801,52.4663,95218824943.0,2.4158000000000044,24.6401
112.76,110.4141,49.74,95380323155.0,2.3459000000000003,24.3067
112.7439,110.3137,48.2169,95274079316.0,2.4301999999999992,23.6811
112.8698,110.2505,55.2321,95418791302.0,2.6192999999999955,21.9818
112.3413,109.9926,49.9166,95302670862.0,2.3487000000000084,22.6705
112.2823,109.8799,50.9923,95159995678.0,2.4024,22.4207
112.1073,109.7318,51.598,95260056204.0,2.375499999999988,22.675
111.8422,109.5591,42.8603,95122383801.0,2.2831000000000046,22.7223
112.4707,109.6455,37.8582,94972402360.0,2.825199999999996,22.8798
113.6504,109.8673,44.8495,94804659011.0,3.7831000000000046,22.2744
114.0856,109.8372,46.1089,94955377682.0,4.248400000000004,23.0689
114.4329,109.76299999999999,33.1313,94772322309.0,4.669899999999998,22.8033
115.9822,110.0151,39.2562,94576608494.0,5.967100000000002,22.0516
116.9232,110.0404,38.0603,94863713376.0,6.882799999999987,21.3224
118.0949,110.0942,44.4408,95041724344.0,8.000699999999995,21.5282
118.654,109.9274,48.5631,95196751019.0,8.72659999999999,21.8733
118.8542,109.6284,43.023999999999994,95012108980.0,9.225800000000008,21.1474
119.5939,109.4632,42.7936,94871958893.0,10.130700000000003,21.3244
120.4606,109.2973,49.787,95052819218.0,11.163299999999992,21.0579
120.6315,108.8905,45.4949,95235093609.0,11.741,20.5988
121.2657,108.5925,40.6171,95058153154.0,12.673199999999996,20.3591
122.4589,108.4161,47.7242,95289519717.0,14.0428,20.442
122.9563,107.9851,57.9181,94956912554.0,14.971199999999996,20.6535
122.5566,107.2598,82.7598,95214512194.0,15.296800000000005,20.2513
120.5879,106.0729,79.1136,95414631185.0,14.515,19.6476
119.0216,105.03299999999999,73.756,95262161043.0,13.988600000000005,19.1159
117.9649,104.1601,71.785,95038655310.0,13.8048,18.733
116.9791,103.315,75.4622,95226285226.0,13.664100000000005,18.8527
115.6925,102.3897,74.4583,95381837610.0,13.30279999999999,18.195999999999998
114.3585,101.4655,72.925,95218815342.0,12.893,16.7007
113.0437,100.5636,85.3777,95430311130.0,12.480100000000007,16.5312
110.9748,99.4631,77.063,95084373362.0,11.511700000000005,16.9196
109.9459,98.6993,71.6644,94746318722.0,11.2466,17.08
109.2673,98.0464,72.6869,94619411534.0,11.2209,16.953
108.4587,97.3573,69.993,94473873526.0,11.101399999999998,16.6928
107.7655,96.7061,77.1766,94368239986.0,11.059399999999995,16.8757
106.7311,95.9592,75.5469,94485965642.0,10.771900000000002,16.7421
105.7236,95.2317,75.0283,94651530850.0,10.4919,16.7106
104.6287,94.4906,69.2369,94441448786.0,10.138099999999994,17.3068
103.9339,93.8783,75.1016,94275503966.0,10.055599999999998,16.5334
102.9317,93.1815,77.6411,94463406342.0,9.750200000000008,15.8322
101.697,92.4308,79.9738,94251002918.0,9.266199999999998,17.2702
100.2002,91.6249,76.8689,94449048530.0,8.575299999999999,17.0994
98.9147,90.9076,75.7115,94246619630.0,8.007099999999994,16.855
97.5907,90.2025,75.4479,94124627678.0,7.388199999999998,17.1092
96.1123,89.4786,74.4998,93951835310.0,6.633700000000005,17.7136
94.5544,88.7627,68.1987,93643683922.0,5.791700000000006,17.3635
93.5251,88.2322,50.0152,93269388454.0,5.292899999999988,17.5346
93.5775,88.0311,48.6868,93111258434.0,5.5464000000000055,17.7114
93.6992,87.8395,50.3879,93020929178.0,5.859700000000004,17.5865
93.751,87.6152,48.6692,93124554678.0,6.135800000000002,16.4394
93.9032,87.4082,41.0598,93003340486.0,6.4950000000000045,16.6036
94.4618,87.3027,58.205,93188779350.0,7.159099999999995,16.4634
94.2508,86.9502,57.3902,93385783782.0,7.300600000000002,16.3509
94.053,86.5957,66.9093,93296782130.0,7.457300000000004,16.5373
93.4764,86.1266,60.3308,93399291518.0,7.349800000000003,16.0007
93.2068,85.7495,62.65,93309702686.0,7.457300000000004,15.4951
92.8181,85.3341,61.661,93401889706.0,7.4839999999999955,15.1876
92.4339,84.9189,71.3767,93512473414.0,7.5150000000000015,15.1788
91.6518,84.3887,62.2168,93359245918.0,7.263099999999994,14.6964
91.3445,84.0044,74.8066,93188253442.0,7.340099999999992,14.6175
90.6505,83.5066,70.536,93379905758.0,7.143899999999987,15.6652
90.1301,83.0663,76.1166,93289648438.0,7.0638000000000005,15.3192
89.4043,82.5706,71.5715,93163967010.0,6.833700000000008,15.7532
88.8691,82.1388,70.7846,93046869094.0,6.7303,15.7944
88.3037,81.7025,67.4342,93159697090.0,6.601200000000006,14.2889
87.8487,81.303,66.0412,93040713346.0,6.5456999999999965,14.4477
87.4045,80.90899999999999,64.296,93040713346.0,6.495499999999992,13.7746
86.9934,80.5264,60.9626,93151475162.0,6.466999999999999,13.2736
86.7015,80.179,55.9463,93011251878.0,6.522499999999994,13.3223
86.6093,79.8865,68.9817,92880605802.0,6.722800000000008,13.0384
86.1096,79.4693,66.6574,93085862646.0,6.640299999999996,12.3859
85.6696,79.0725,72.3096,92948340134.0,6.5970999999999975,12.9159
85.0148,78.6162,71.8093,93140963530.0,6.398599999999987,13.4329
84.3019,78.1513,64.501,92928808054.0,6.150599999999997,13.8002
83.9343,77.7953,68.6778,92793362790.0,6.138999999999998,14.0478
83.3976,77.3913,66.783,93057838598.0,6.006299999999998,13.9045
82.8983,77.0035,71.2765,92961018214.0,5.894800000000004,13.5331
82.1956,76.5622,69.4513,93075424718.0,5.633399999999996,14.1488
81.5228,76.14,57.4396,92909995990.0,5.382800000000002,13.9622
81.3972,75.8844,73.9151,92771187070.0,5.512799999999999,12.9452
80.8485,75.5026,82.4306,92571041018.0,5.3459,12.1175
80.0593,75.0589,81.8526,92772703470.0,5.000399999999999,13.335999999999999
79.2071,74.6114,72.8759,92606051718.0,4.595699999999994,13.1312
78.7899,74.3046,71.3461,92458339354.0,4.4853000000000085,13.735
78.3798,74.0043,64.8283,92362684818.0,4.3755000000000015,14.3323
78.1549,73.7615,66.8924,92225434618.0,4.3934,13.7661
77.8611,73.4982,67.3937,92312994982.0,4.362899999999996,13.3956
77.5159,73.2215,63.8638,92208503766.0,4.294399999999996,13.3568
77.2594,72.973,60.943999999999996,92120860950.0,4.2864,13.9879
77.0722,72.7445,63.2435,92039842338.0,4.327699999999994,14.277999999999999
76.8054,72.4916,61.0571,92193440466.0,4.3138000000000005,14.7379
76.58800000000001,72.2535,60.5202,92059644054.0,4.334499999999991,13.9959
76.3618,72.0119,70.7807,91946698958.0,4.349900000000005,13.572000000000001
75.8433,71.6862,65.2045,92072220774.0,4.1571,15.4269
75.5238,71.4253,69.6788,91990417758.0,4.098500000000001,16.0532
75.0566,71.1245,68.3392,92093106602.0,3.9321000000000055,16.26
74.5925,70.8314,67.2542,91981601742.0,3.761099999999999,15.7228
74.1205,70.543,66.0746,92083331282.0,3.577500000000001,16.0233
73.6467,70.2616,56.3125,91947958782.0,3.3850999999999942,15.7291
73.5581,70.0981,61.479,92114307158.0,3.4599999999999937,16.4528
73.3098,69.88600000000001,72.4685,91955378082.0,3.4238,18.0581
72.7563,69.5881,82.3135,92156000638.0,3.168199999999999,17.633
71.923,69.2207,77.6277,92318301690.0,2.702300000000008,16.2809
71.3144,68.9365,76.1924,92172355446.0,2.3779000000000106,16.8789
70.7057,68.6656,74.2463,92038307506.0,2.040099999999996,17.7124
70.1239,68.416,72.5177,91923092450.0,1.7079000000000093,18.5476
69.5561,68.1841,68.8341,91780758698.0,1.3719999999999999,18.7269
69.0975,67.9971,64.112,91633007518.0,1.1003999999999934,19.3372
68.7808,67.8617,61.51,91499439574.0,0.9191000000000004,20.0397
68.5218,67.7502,67.0707,91740056274.0,0.7715999999999923,20.4854
68.0951,67.5968,62.8044,91556992402.0,0.4983000000000004,21.4985
67.7917,67.4897,63.2984,91419711586.0,0.3020000000000067,21.2278
67.4326,67.3748,60.6909,91531716334.0,0.0578000000000003,20.8949
67.1378,67.2882,56.8188,91414628762.0,-0.15040000000000475,20.4282
66.9629,67.2444,55.6828,91288120030.0,-0.2814999999999941,20.3662
66.8099,67.2122,53.8251,91412934358.0,-0.4022999999999968,19.9021
66.7146,67.2014,56.3361,91295876990.0,-0.4868000000000024,19.0911
66.5117,67.1632,57.8554,91476868562.0,-0.6514999999999986,18.8265
66.221,67.1068,64.1382,91606883562.0,-0.8858000000000033,17.8927
65.6512,66.9801,66.7417,91822133474.0,-1.3288999999999902,18.4779
64.9053,66.8213,64.3292,91665008314.0,-1.9159999999999968,18.4984
64.2283,66.706,63.1705,91796162878.0,-2.4776999999999987,18.5263
63.5392,66.6103,57.055,91601168190.0,-3.0710999999999933,17.8572
63.1634,66.6283,57.3409,91470145266.0,-3.464899999999993,17.7991
62.7202,66.6431,54.1834,91308028774.0,-3.9229000000000056,17.5554
62.4237,66.7185,59.5479,91139133490.0,-4.294800000000009,17.7447
61.8008,66.7158,48.1384,91342020814.0,-4.914999999999999,17.1536
61.7901,66.9133,42.1624,91140200530.0,-5.123200000000004,17.1934
62.0632,67.2005,40.2815,91270080598.0,-5.137300000000003,16.2177
62.461999999999996,67.5241,43.4672,91104146626.0,-5.062100000000001,17.3285
62.7007,67.7989,48.5748,91280365178.0,-5.098200000000006,17.2839
62.653,67.9934,45.4965,91477367182.0,-5.340399999999995,18.4382
62.7696,68.2447,46.5333,91309390742.0,-5.475099999999998,17.5203
62.8321,68.486,42.9036,91513607354.0,-5.653900000000008,18.5064
63.123000000000005,68.7999,44.7604,91261046678.0,-5.676899999999996,19.3763
63.3064,69.084,36.3226,91564648718.0,-5.7776000000000085,18.3327
64.023,69.5246,30.8529,91277117626.0,-5.5016000000000105,18.2257
65.1337,70.0665,37.549,91613870458.0,-4.9328,17.9052
65.7301,70.4382,37.6298,92015563842.0,-4.708100000000002,16.6699
66.4044,70.82300000000001,32.9147,92287420862.0,-4.418599999999998,16.6702
67.4434,71.3003,35.3583,92587654486.0,-3.856899999999996,15.974
68.3582,71.719,32.0992,92263598626.0,-3.3607999999999976,15.3535
69.5996,72.2109,39.4931,92586022086.0,-2.6113,15.0875
70.2101,72.4919,34.1685,92215289958.0,-2.281800000000004,14.0558
71.2231,72.8745,42.1736,92633764026.0,-1.6513999999999953,13.6767
71.6252,73.0567,42.0312,92890143906.0,-1.4314999999999998,12.8517
72.0934,73.249,34.2195,92604853826.0,-1.1555999999999926,12.8367
73.1004,73.5838,40.9962,92891598658.0,-0.4834000000000032,12.9159
73.6082,73.7486,47.2327,93117775642.0,-0.14039999999999964,12.3839
73.7122,73.7841,47.6769,93305348518.0,-0.07189999999999941,12.3328
73.7987,73.8117,51.074,93086170246.0,-0.01300000000000523,11.6506
73.6428,73.7677,39.6182,93405645654.0,-0.12490000000001088,12.0359
74.2182,73.9373,19.8657,93064248298.0,0.2809000000000026,11.915999999999999
75.7573,74.3655,27.6115,93491133218.0,1.3918000000000037,11.117
76.6764,74.5713,30.0102,93811738742.0,2.105100000000008,11.4647
77.5355,74.7308,37.8739,93613025018.0,2.804699999999997,11.7607
78.0093,74.7517,33.8839,93843698474.0,3.2575999999999965,12.2383
78.6807,74.8106,50.922,94065893786.0,3.870100000000008,12.3823
78.6956,74.6569,55.65,94195599446.0,4.038700000000007,12.013
78.5712,74.4565,53.0785,94296165402.0,4.114699999999999,12.9037
78.5218,74.2745,48.3204,94202181438.0,4.247299999999996,11.3075
78.6288,74.1317,59.2521,94354943618.0,4.497100000000003,11.6598
78.4207,73.8886,58.7597,94274829830.0,4.5321,12.3625
78.2021,73.6412,56.4158,94369577398.0,4.560900000000004,12.2463
78.0482,73.4111,58.7699,94255847106.0,4.637099999999991,11.5424
77.7972,73.1501,50.5579,94350170226.0,4.647100000000009,11.4375
77.8423,72.9733,59.8922,94240821366.0,4.869,11.7289
77.6052,72.7068,59.4194,94358505414.0,4.898399999999995,10.8865
77.3546,72.4353,60.4784,94253079874.0,4.919300000000007,11.5274
77.0347,72.1431,54.1187,94134253002.0,4.891599999999997,11.4243
76.9577,71.9214,43.0601,93997636466.0,5.036299999999997,11.9399
77.2566,71.8013,64.0444,94171622070.0,5.455300000000008,12.0261
77.0137,71.5092,63.6707,94371210454.0,5.504499999999993,11.1583
76.7499,71.2092,70.2592,94497953686.0,5.540700000000001,10.999
76.311,70.8576,58.56399999999999,94281353974.0,5.453400000000002,10.495999999999999
76.2258,70.6107,55.1627,94119120030.0,5.615100000000012,9.9789
76.2177,70.3792,78.3989,94281060050.0,5.838499999999996,9.7927
75.8504,70.0359,76.3487,94427597570.0,5.814499999999995,9.9652
75.5124,69.7021,78.2418,94323125598.0,5.810299999999998,10.5015
75.10300000000001,69.3479,77.1687,94221293138.0,5.755099999999999,10.3171
74.684,68.9933,76.4777,94330233294.0,5.6906999999999925,10.2502
74.2374,68.6334,74.4502,94192416826.0,5.603999999999999,10.4116
73.8212,68.2858,73.0952,94083587810.0,5.53540000000001,10.6
73.4067,67.9414,84.3128,94205511338.0,5.465299999999999,10.7061
72.7626,67.5343,81.6717,94368125166.0,5.228300000000004,10.7234
72.2042,67.1614,81.0826,94248010198.0,5.0428,10.0129
71.6027,66.7837,79.1321,94107141110.0,4.819000000000003,10.2453
71.0333,66.4243,71.0819,93936654942.0,4.608999999999996,10.5358
70.7368,66.1515,78.3107,93804291158.0,4.585300000000005,10.7492
70.3038,65.8406,72.6622,93915801778.0,4.4632000000000005,10.111
70.0216,65.5778,83.5362,93797223202.0,4.443800000000009,10.763
69.5809,65.2705,82.9129,93943758714.0,4.310400000000001,11.0079
69.1093,64.9599,77.6271,93808111258.0,4.1494,10.6458
68.7921,64.6999,77.1533,93707120758.0,4.0922000000000045,10.7192
68.4461,64.434,82.7217,93562882302.0,4.012100000000004,10.9116
67.9923,64.1406,77.0686,93709254046.0,3.8516999999999935,10.5951
67.6952,63.8984,76.9285,93615918030.0,3.7967999999999975,10.2771
67.3601,63.6477,71.9985,93567439174.0,3.7124000000000015,9.9903
67.1234,63.4286,78.1395,93468727642.0,3.6948000000000008,10.6556
66.7931,63.1834,75.0657,93744858614.0,3.6096999999999966,10.2777
66.5116,62.9556,76.1243,93646350826.0,3.5560000000000045,9.8631
66.1793,62.7156,75.8897,93762449574.0,3.463699999999996,9.8949
65.8077,62.468,73.2459,93648146382.0,3.3396999999999935,9.8034
65.4732,62.2361,66.0164,93519821962.0,3.2371000000000048,9.8019
65.2857,62.0504,59.4687,93386090738.0,3.2353000000000023,9.7065
65.2008,61.8941,62.5022,93248342570.0,3.3067,9.6319
65.0675,61.7211,62.1479,93169449006.0,3.346399999999996,9.379
64.9226,61.5431,65.883,93078919474.0,3.3795,9.4188
64.7077,61.3437,62.203,93207650054.0,3.3640000000000043,9.697000000000001
64.5508,61.1616,55.9401,93101460082.0,3.389199999999996,9.2032
64.5011,61.00899999999999,50.4985,93026814710.0,3.4920999999999935,9.4016
64.5398,60.8776,44.2055,92959573158.0,3.662199999999999,9.6239
64.6812,60.7685,70.3273,93077082230.0,3.9127000000000014,8.9919
64.5278,60.565,69.0984,93171856430.0,3.9628000000000014,8.6387
64.3761,60.3599,67.2394,93218473882.0,4.016199999999991,8.9384
64.2385,60.1566,72.4711,93152929394.0,4.0819000000000045,8.4201
64.0335,59.9314,64.8057,93258268922.0,4.102100000000006,8.0544
63.9478,59.7396,64.5537,93174150854.0,4.208199999999998,7.9125
63.8541,59.541000000000004,68.6065,93239475906.0,4.313100000000007,7.3881
63.7084,59.3233,75.8106,93360871018.0,4.385099999999993,7.6334
63.4769,59.0782,86.2031,93467310694.0,4.398699999999998,7.6168
63.1293,58.7994,84.5016,93543589082.0,4.329900000000002,7.9529
62.8059,58.5302,82.5459,93456785494.0,4.2757000000000005,7.8660000000000005
62.5108,58.2714,82.8566,93356410830.0,4.239400000000003,7.9483
62.1711,58.0013,80.3673,93445993054.0,4.169800000000002,7.6413
61.8749,57.7465,82.087,93342722682.0,4.128399999999999,7.9385
61.5217,57.477,78.9501,93430111586.0,4.044700000000007,7.5508
61.2322,57.2293,80.4721,93348081750.0,4.002899999999997,8.155
60.8877,56.9674,80.6515,93277999770.0,3.9203000000000046,8.3805
60.4922,56.6944,78.2713,93183059438.0,3.797799999999995,7.7517
60.1361,56.4377,79.1677,93107194942.0,3.6984,7.8268
59.7194,56.1676,79.9921,93187092650.0,3.5518,7.8547
59.2333,55.8838,72.9347,93083820842.0,3.3494999999999986,7.4095
58.9507,55.6663,70.1355,92932695506.0,3.2843999999999984,7.7612
58.7084,55.4631,66.8037,92793533426.0,3.2453000000000003,7.212000000000001
58.5183,55.2763,80.5299,92918055514.0,3.2420000000000044,7.9835
58.1536,55.0398,79.1075,93060894982.0,3.1137999999999977,8.2813
57.7911,54.8091,74.4992,92966273510.0,2.982,7.5649
57.5261,54.6117,79.5005,92892796326.0,2.9144000000000005,7.3933
57.1759,54.3927,77.0221,92821131306.0,2.783200000000001,7.2154
56.8602,54.1888,76.0037,92741401126.0,2.6713999999999984,7.0603
56.5323,53.9861,71.62,92832137130.0,2.546199999999999,6.7958
56.2851,53.8116,67.2911,92744890862.0,2.4735000000000014,6.9288
56.1052,53.6592,68.9053,92647898770.0,2.4460000000000046,6.6949
55.8822,53.4956,66.4107,92578807182.0,2.3865999999999943,6.2568
55.6875,53.3426,76.0524,92655953958.0,2.344900000000002,6.1666
55.3592,53.1531,74.4022,92748115890.0,2.2061,6.1271
55.0363,52.9708,72.141,92845769826.0,2.0655,5.9767
54.7355,52.8006,64.972,92677808986.0,1.9348999999999992,5.8728
54.5676,52.6736,63.4546,92561957050.0,1.8939999999999984,6.0467
54.4074,52.5505,61.433,92485839354.0,1.8569000000000035,6.2968
54.2666,52.4345,62.5919,92602970154.0,1.8320999999999967,6.4818
54.0899,52.3093,61.6811,92479413078.0,1.7805999999999995,6.4436
53.9101,52.1852,48.8546,92340390866.0,1.724899999999998,6.3919
53.9573,52.1283,60.5728,92218980122.0,1.8289999999999933,5.9757
53.849,52.0227,66.8364,92362049150.0,1.8262999999999965,5.9525
53.6547,51.8926,58.9011,92217300498.0,1.7620999999999967,5.9112
53.5788,51.799,58.1226,92112026166.0,1.7798000000000016,6.1335
53.5047,51.7052,57.0235,92213471306.0,1.799500000000002,6.1129999999999995
53.4389,51.613,54.1132,92289824554.0,1.8258999999999967,6.2516
53.4146,51.5315,60.4105,92199900530.0,1.8830999999999989,5.9424
53.2998,51.4218,56.5979,92325637998.0,1.8780000000000001,5.7638
53.2416,51.3285,62.9745,92247959406.0,1.9131,6.236000000000001
53.0898,51.2071,64.6746,92479867782.0,1.8827,5.7501
52.8944,51.0744,63.3311,92568619286.0,1.8200000000000005,5.8241
52.7043,50.9458,61.8177,92466046914.0,1.7585000000000048,5.6538
52.5255,50.823,58.7085,92392501042.0,1.7025000000000006,5.5764
52.3994,50.7174,63.4414,92307868478.0,1.6820000000000022,5.6574
52.1758,50.5849,74.9388,92466921662.0,1.5909000000000049,5.2642
51.7519,50.3989,67.5084,92595828338.0,1.3530000000000015,5.2076
51.5034,50.2726,60.998000000000005,92418669754.0,1.230800000000002,5.1997
51.3669,50.1834,63.6708,92291558030.0,1.1835000000000022,5.1743
51.1765,50.0807,62.4779,92182320426.0,1.095799999999997,5.0997
50.9866,49.9817,59.3617,92259769602.0,1.0049000000000063,5.0609
50.8415,49.8992,53.202,92163981666.0,0.942300000000003,4.996
50.8021,49.8495,49.4586,92087114386.0,0.952600000000004,4.8919999999999995
50.8258,49.8174,57.3103,92167352682.0,1.0084000000000015,4.6401
50.7221,49.7466,54.4115,92252002926.0,0.9754999999999968,4.2356
50.6618,49.6896,45.5992,92167972318.0,0.9722000000000008,4.2815
50.7471,49.6742,53.5621,92104141790.0,1.0729000000000042,4.3554
50.7127,49.6206,49.3258,92207731166.0,1.092099999999995,4.2649
50.7436,49.5849,57.79600000000001,92103466646.0,1.1587000000000032,4.1882
50.6538,49.5119,69.0325,92290998018.0,1.1418999999999997,4.4236
50.4194,49.3983,68.7416,92380069294.0,1.0211000000000041,4.1527
50.1585,49.2821,65.6802,92293810306.0,0.8763999999999967,3.7457
49.9343,49.1823,65.3033,92186132190.0,0.7520000000000024,3.7433
49.6871,49.081,54.2872,92088404530.0,0.6060999999999979,3.9503
49.6269,49.038999999999994,52.533,91973150034.0,0.5878999999999976,3.8907
49.5867,49.0036,51.9255,92084683486.0,0.5831000000000017,3.7885
49.5513,48.9697,47.6221,92230873258.0,0.5815999999999946,3.7739
49.5859,48.9558,44.7078,92040714114.0,0.6300999999999988,3.6561
49.6745,48.9554,47.566,92130641670.0,0.7191000000000045,3.5467
49.7168,48.9381,43.9903,92229120654.0,0.7787000000000006,3.2672
49.8305,48.9388,33.5502,92121082562.0,0.8917000000000002,3.1064
50.1277,48.9873,34.6422,91987624962.0,1.1403999999999996,2.9333
50.4359,49.0288,36.6459,91844325814.0,1.4070999999999998,2.6083
50.7295,49.0553,47.8177,92053897690.0,1.674199999999999,2.7309
50.8018,49.0076,68.7604,92217346178.0,1.7942000000000036,2.7887
50.5922,48.8745,78.0195,92433417866.0,1.717700000000001,3.0321
50.2648,48.7109,65.1996,92156292422.0,1.5538999999999987,3.0492
50.158,48.6169,64.4692,92292035294.0,1.5411,2.7559
50.0463,48.5221,62.1324,92205341738.0,1.5242000000000004,2.7018
49.953,48.4332,67.9163,92134866242.0,1.5198000000000036,2.5174
49.7971,48.3267,65.4088,92190504382.0,1.470399999999998,2.7697
49.6615,48.2279,68.5302,92250470650.0,1.4335999999999984,2.7749
49.479,48.1172,57.3866,92177049810.0,1.3618000000000023,2.6238
49.4382,48.05,66.8677,92087938082.0,1.3882000000000048,2.752
49.317,47.9587,62.1616,92171655310.0,1.3582999999999998,3.0048
49.24100000000001,47.8816,62.3843,92097326666.0,1.3594000000000008,2.8743
49.1523,47.8007,64.6358,92153756466.0,1.3515999999999977,2.8336
49.0321,47.7112,63.5392,92221223730.0,1.3209000000000015,2.5251
48.9122,47.6231,59.8655,92153434050.0,1.2890999999999977,2.7593
48.8324,47.5476,62.8544,92083053202.0,1.284799999999997,3.0039
48.7112,47.4606,59.7868,92163820570.0,1.2505999999999986,3.2898
48.6237,47.3845,53.5158,92092232018.0,1.2391999999999967,2.9471
48.6162,47.3318,58.5044,92009919958.0,1.284399999999998,2.9782
48.5513,47.2608,67.4292,92111274470.0,1.2904999999999944,2.9599
48.3886,47.1617,67.3055,92180336542.0,1.2268999999999934,2.9682
48.205,47.0591,64.0199,92134888362.0,1.1458999999999977,3.9212
48.0606,46.9711,69.9765,92067147494.0,1.089500000000001,4.3087
47.833999999999996,46.8619,61.8202,91957880538.0,0.9721000000000046,4.5542
47.7318,46.793,67.7609,92082323106.0,0.9388000000000004,4.8979
47.5588,46.7053,62.7134,92165921974.0,0.8534999999999968,5.1838
47.449,46.6391,65.1165,92061651926.0,0.809899999999999,5.4058
47.3005,46.5636,65.4929,92145933262.0,0.7368999999999986,5.3737
47.126999999999995,46.4839,66.3083,92218814946.0,0.643100000000004,5.1844
46.9196,46.3984,71.1208,92410017302.0,0.5212000000000003,4.7903
46.6278,46.2938,70.2673,92323961350.0,0.3340000000000032,4.9572
46.3183,46.1917,65.4295,92408458290.0,0.12660000000000338,5.0499
46.0914,46.1217,60.3969,92302254274.0,-0.03029999999999688,5.2771
45.9421,46.0803,58.041000000000004,92243577698.0,-0.13819999999999766,5.2018
45.8185,46.0506,66.3271,92318623594.0,-0.23210000000000264,5.2009
45.5673,45.9883,65.2645,92405322094.0,-0.4209999999999994,5.3593
45.3064,45.931000000000004,67.5939,92478334850.0,-0.6246000000000009,5.2706
44.9764,45.8622,63.684,92370603322.0,-0.8858000000000033,5.6764
44.7058,45.821000000000005,55.2378,92265719918.0,-1.1151999999999944,5.7715
44.5816,45.831,48.2241,92142982346.0,-1.2494000000000014,5.5397
44.5593,45.8757,50.7268,92052877102.0,-1.3164000000000016,5.7369
44.492,45.9102,24.8795,91933783394.0,-1.418200000000006,5.6094
44.7237,46.0342,25.0939,91809911550.0,-1.3104999999999976,5.5327
44.9828,46.1618,25.8845,91971495826.0,-1.179000000000002,5.1899
45.257,46.2882,28.0564,92079670162.0,-1.0312000000000054,4.9242
45.5103,46.4027,22.8756,91994796514.0,-0.8924000000000021,4.4992
45.8532,46.5371,25.5851,92108721174.0,-0.6839000000000013,4.6808
46.1578,46.6521,27.0621,92220513814.0,-0.4942999999999955,4.3729
46.4613,46.7589,25.8583,92315372558.0,-0.29759999999999565,4.0751
46.821999999999996,46.8742,31.5527,92461491502.0,-0.052199999999999136,3.8714
47.0647,46.9456,32.2902,92580485726.0,0.11910000000000308,3.7381
47.3224,47.0144,27.6718,92467026334.0,0.30799999999999983,3.8228
47.6764,47.1029,31.5577,92621475494.0,0.5735000000000028,3.6528
47.9618,47.1611,35.4759,92752991854.0,0.8006999999999991,3.8109
48.184,47.1919,25.2766,92885117310.0,0.9921000000000006,3.8369
48.5651,47.2603,25.4156,92778938438.0,1.3048000000000002,4.0897
48.9956,47.33,26.6405,92632819730.0,1.6656000000000049,3.9754
49.4423,47.3897,39.408,92862542222.0,2.0526000000000053,4.934
49.6138,47.3549,43.6774,93027377070.0,2.258899999999997,5.2804
49.7331,47.2968,46.7741,93167011498.0,2.436300000000003,5.5055
49.8172,47.2214,56.3075,93061653482.0,2.595799999999997,6.1103
49.7749,47.1033,52.8524,93216708274.0,2.6716000000000046,5.9293
49.7819,46.9963,75.0127,93346480726.0,2.7856000000000023,5.8216
49.5603,46.8193,73.4168,93262911214.0,2.741,5.9412
49.3437,46.6455,73.578,93390896510.0,2.6982,5.5718
49.0947,46.4642,60.1622,93131587198.0,2.630500000000005,5.2453
49.0472,46.3433,66.0968,93317726890.0,2.7038999999999973,5.0878
48.9464,46.2041,68.3614,93228908026.0,2.7423,5.0566
48.8138,46.0543,77.5974,93303504434.0,2.7595000000000027,5.7446
48.5952,45.8792,80.278,93377677258.0,2.716000000000001,5.6477
48.3269,45.6917,76.1847,93447839694.0,2.6352000000000046,5.211
48.1221,45.5256,73.4795,93354547730.0,2.596500000000006,5.1142
47.9437,45.3687,74.8667,93276789550.0,2.575000000000003,4.9367
47.7298,45.2025,68.1956,93180006486.0,2.5272999999999968,4.6927
47.6098,45.065,68.0249,93064379366.0,2.544800000000002,4.4077
47.4754,44.9228,66.2307,92961593826.0,2.5525999999999978,4.2445
47.3524,44.7834,68.6742,92891447242.0,2.5690000000000026,4.0292
47.1903,44.6323,75.331,93002489914.0,2.5580000000000003,4.2344
46.9477,44.4585,72.1338,93086093146.0,2.4891999999999967,4.1371
46.7458,44.2993,79.1074,92999311994.0,2.4465000000000003,3.7323
46.4581,44.1172,73.6567,93142384942.0,2.340900000000005,3.8222
46.2649,43.9665,73.79,93038858154.0,2.2983999999999942,4.0316
46.0431,43.8093,71.1943,92964751578.0,2.2338000000000022,4.3986
45.8473,43.6621,68.5977,92888294478.0,2.1851999999999947,4.3955
45.6771,43.5243,64.5656,92795207158.0,2.1528000000000063,4.2114
45.5577,43.4023,66.5231,92704144230.0,2.1554,4.0454
45.4021,43.2699,63.2205,92592696374.0,2.1321999999999965,3.7317
45.2872,43.15,61.5612,92498440530.0,2.1372,3.761
45.1864,43.034,61.2032,92415319078.0,2.1524,3.6846
45.0783,42.9153,69.7048,92295925370.0,2.1629999999999967,3.8066
44.8535,42.7628,69.5083,92495127522.0,2.0906999999999982,3.6204
44.6018,42.6055,81.6829,92670508694.0,1.996299999999998,3.4742
44.181000000000004,42.4038,76.5476,92840139358.0,1.7772000000000006,3.3641
43.885,42.2467,71.4082,92636002410.0,1.638300000000001,3.325
43.6786,42.1208,80.2631,92511861486.0,1.5578000000000003,3.0825
43.3689,41.9688,77.2028,92638446962.0,1.4000999999999948,3.0553
43.1037,41.8359,75.9526,92533567634.0,1.2678000000000011,2.7816
42.8336,41.707,74.7041,92377395986.0,1.1265999999999965,2.7593
42.558,41.5822,72.4698,92283077954.0,0.9757999999999996,2.8951
42.3004,41.4688,69.1228,92158947858.0,0.8316000000000017,2.8409
42.0842,41.3731,60.4481,92029077522.0,0.7111000000000018,2.8596
41.9939,41.3183,44.3049,91901033386.0,0.6755999999999958,2.7394
42.0706,41.3126,59.2497,91805035954.0,0.7579999999999956,2.6899
42.0347,41.2714,63.6008,91904221450.0,0.7633000000000011,2.6116
41.9659,41.2206,71.0563,91987462986.0,0.7453000000000003,2.7235
41.8431,41.1551,70.4425,92066412662.0,0.6880000000000024,2.5939
41.7115,41.0894,66.8766,91956667850.0,0.6221000000000032,2.5462
41.6101,41.035,67.0833,91853123182.0,0.5751000000000062,2.5914
41.4928,40.978,64.3308,91965984846.0,0.514800000000001,2.6107
41.3973,40.9298,66.5881,91854643290.0,0.4675000000000011,2.7061
41.2708,40.8745,68.536,91786362446.0,0.3963000000000037,2.8932
41.1107,40.8126,62.9423,91698869014.0,0.29809999999999803,2.6006
41.0173,40.7737,63.8129,91623216398.0,0.2436000000000007,2.5942
40.903,40.7311,62.5192,91692215078.0,0.17190000000000086,2.5135
40.7935,40.6928,59.3453,91587757630.0,0.10070000000000334,2.6823
40.7198,40.6677,64.4568,91511866326.0,0.052099999999995816,2.6988
40.5821,40.6262,61.47,91610373582.0,-0.04410000000000025,2.7923
40.4783,40.5984,66.9977,91523030594.0,-0.12010000000000075,2.8018
40.3012,40.5527,64.8109,91612991526.0,-0.2515000000000001,2.6251
40.1437,40.5179,67.788,91523857434.0,-0.3741999999999948,2.5416
39.9306,40.4723,64.6159,91607831134.0,-0.5416999999999987,2.3939
39.7587,40.4453,73.0182,91512551270.0,-0.6866000000000057,2.4587
39.4693,40.3906,80.9542,91639518030.0,-0.9213000000000022,2.4447
39.0606,40.3115,79.347,91526559666.0,-1.2509000000000017,2.2939
38.6555,40.2468,73.1348,91382153154.0,-1.5912999999999968,2.2695
38.3812,40.2334,72.5206,91256170826.0,-1.852200000000004,2.3539
38.0833,40.2239,71.4094,91125498274.0,-2.140599999999999,2.2322
37.7723,40.2224,67.4196,90962539678.0,-2.450099999999999,2.2658
37.5159,40.2491,52.9597,90718100558.0,-2.7331999999999965,2.2175
37.4653,40.3462,51.6917,90884449514.0,-2.880900000000004,2.0909
37.4233,40.4518,50.8887,90989217746.0,-3.028500000000001,2.1022
37.3861,40.5648,47.4121,90855026174.0,-3.1786999999999987,2.0765
37.391,40.6959,47.5005,90956792370.0,-3.3049000000000035,1.9463
37.3952,40.832,52.4732,90864270090.0,-3.436799999999998,2.0884
37.3218,40.9513,54.9712,90985845970.0,-3.6295,2.0056
37.2001,41.0647,48.2598,90850841878.0,-3.864600000000003,1.8567
37.1754,41.2154,45.7919,90731557238.0,-4.039999999999999,1.5494
37.1858,41.3833,39.2487,90609278414.0,-4.197499999999998,1.694
37.2951,41.5858,40.1489,90494437118.0,-4.290700000000001,1.7512
37.3998,41.7909,43.2757,90624193862.0,-4.391100000000002,1.7989
37.4493,41.9842,42.5215,90732286826.0,-4.5349,1.76
37.5189,42.1892,40.2448,90589164146.0,-4.6702999999999975,1.82
37.6405,42.4146,37.0356,90408767822.0,-4.774099999999997,1.8854
37.8392,42.6662,35.4854,90244666566.0,-4.827000000000004,1.9432
38.0962,42.9367,27.7197,90463777622.0,-4.840499999999999,1.9726
38.5342,43.2594,26.6719,90229349342.0,-4.725200000000001,2.0701
39.0539,43.6007,35.9844,90594598122.0,-4.546800000000005,2.1982
39.2701,43.8481,40.1988,90446439174.0,-4.578000000000003,2.1523
39.391,44.0695,38.3603,90306425310.0,-4.6785,2.0499
39.565,44.3102,35.4833,90137259614.0,-4.745200000000004,2.0325
39.8213,44.5771,20.2706,90349727874.0,-4.755800000000002,2.134
40.3752,44.9294,19.9326,90115397698.0,-4.554200000000002,1.9178
41.0135,45.2977,25.605999999999998,90264074626.0,-4.2841999999999985,1.8334
41.4414,45.5948,28.5817,90647052162.0,-4.153399999999999,1.9771
41.8078,45.869,34.2483,90906144002.0,-4.0612,1.9322
42.0327,46.0991,32.9232,91102333190.0,-4.066400000000002,2.0707
42.3112,46.3446,32.9908,90966967118.0,-4.0334,2.1851
42.626999999999995,46.5995,36.4,91144118806.0,-3.9724999999999966,2.1493
42.865,46.8296,37.8787,91306933646.0,-3.9645999999999972,2.0582
43.0855,47.0544,37.7412,91179342338.0,-3.9688999999999983,2.1969
43.3406,47.2893,38.8238,91036831642.0,-3.948699999999995,2.2025
43.5884,47.5213,29.1562,91225958302.0,-3.932899999999997,2.3266
44.1023,47.8286,35.6131,90977854326.0,-3.726300000000002,2.6171
44.3957,48.0645,32.8874,91146980850.0,-3.668800000000005,2.3331
44.7908,48.3272,41.2325,91319374490.0,-3.5364000000000004,2.1982
44.9242,48.5096,45.1726,91484751618.0,-3.5854,2.2429
44.9551,48.6648,38.9331,91321559610.0,-3.709699999999998,2.1744
45.1348,48.8676,41.3395,91479685806.0,-3.7328000000000046,2.2728
45.2582,49.0552,31.8545,91646765774.0,-3.796999999999997,2.2208
45.6044,49.3091,21.8426,91462515618.0,-3.7047000000000025,2.1202
46.1809,49.625,23.4653,91628065126.0,-3.444099999999999,1.9741
46.7452,49.9268,23.8746,91448071046.0,-3.181600000000003,1.8817
47.3659,50.233999999999995,26.748,91542566934.0,-2.8680999999999983,1.8698
47.9095,50.5064,24.4237,91667063774.0,-2.596899999999998,1.6656
48.5777,50.8033,32.3154,91938364762.0,-2.2256,1.7019
48.9387,50.9973,32.7245,92106048250.0,-2.0586000000000046,1.6512
49.333999999999996,51.1943,29.3261,91958335238.0,-1.8602999999999952,1.5686
49.8588,51.4201,33.2767,91772420034.0,-1.5612999999999957,1.6393
50.2678,51.6007,29.7688,92015623862.0,-1.3329000000000022,1.6267
50.8139,51.8111,35.1721,92203155606.0,-0.9972000000000064,1.5659
51.1827,51.9572,41.1458,92407697678.0,-0.7745000000000033,1.5689
51.3775,52.0445,45.89,92545160678.0,-0.6670000000000016,1.4133
51.4467,52.0915,39.1497,92646611222.0,-0.6448000000000036,1.3986
51.6895,52.1872,32.7111,92512913486.0,-0.4976999999999947,1.4014
52.1068,52.3267,34.6502,92385381962.0,-0.21990000000000265,1.4096
52.5015,52.4485,39.2719,92650036638.0,0.05299999999999727,1.3145
52.7715,52.5234,50.1701,93015351254.0,0.2481000000000009,1.3041
52.7523,52.5078,47.1553,92782058534.0,0.24449999999999505,1.3454
52.8052,52.513000000000005,38.2815,92628622802.0,0.2922000000000011,1.2705
53.0633,52.5748,48.5841,92481982842.0,0.4884999999999948,1.1696
53.0809,52.5599,42.9273,92665724922.0,0.5210000000000008,1.1161
53.2146,52.5768,45.4005,92854758422.0,0.6377999999999986,1.1546
53.3049,52.5766,52.7966,92735335350.0,0.7283000000000044,1.1714
53.2394,52.5281,40.7748,92899036002.0,0.7113000000000014,1.095
53.3981,52.5444,47.0881,92743964618.0,0.8536999999999964,1.1693
53.4428,52.5224,43.6582,92628796290.0,0.9204000000000008,1.2402
53.5536,52.5165,43.2756,92496481386.0,1.0371000000000024,1.1482
53.6872,52.5123,50.0686,92626806646.0,1.1748999999999938,1.0632
53.6866,52.4642,44.0715,92718348234.0,1.2224000000000004,1.1387
53.8023,52.4473,47.4668,92601612382.0,1.3550000000000042,1.1026
53.8575,52.4078,46.2296,92724776410.0,1.4497,1.0855
53.9461,52.373999999999995,35.295,92563425006.0,1.5720999999999992,1.0809
54.251000000000005,52.3969,53.4258,92775922574.0,1.854099999999996,1.3375
54.2219,52.3129,49.5452,92943884790.0,1.9089999999999991,1.2503
54.2515,52.2435,46.3863,92836320674.0,2.0080000000000027,1.2995
54.3347,52.1853,59.9751,92954976366.0,2.1494,1.3136
54.2314,52.068000000000005,68.8818,93089298218.0,2.1634000000000038,1.2314
54.016000000000005,51.9181,67.7666,93217466218.0,2.0978999999999957,1.3090000000000002
53.795,51.7694,63.2157,93102847022.0,2.0256000000000043,1.3605
53.638999999999996,51.6421,65.2897,93003694342.0,1.9969000000000041,1.3272
53.4366,51.5028,59.9513,92909291134.0,1.933799999999998,1.2416
53.3143,51.388999999999996,58.1741,92817573678.0,1.9253,1.2054
53.2081,51.28,52.6799,92696848770.0,1.9281000000000008,1.1311
53.1839,51.1944,50.0629,92792787594.0,1.9895,1.0777
53.1995,51.1176,43.4676,92694570078.0,2.0818999999999974,1.0733
53.3183,51.0666,51.7873,92583796646.0,2.2517,1.0587
53.3175,50.9745,50.6276,92968783638.0,2.3430000000000035,0.9846
53.3352,50.8839,46.925,92862348462.0,2.451300000000004,0.9786
53.4155,50.8068,45.4219,92753853130.0,2.608699999999999,0.9936
53.5317,50.7335,53.8505,92627566282.0,2.7982000000000014,0.9961
53.5141,50.6143,62.4639,92776346814.0,2.8997999999999986,0.9583
53.3698,50.4547,58.7891,92904343970.0,2.915099999999996,0.9869
53.2818,50.3106,62.2836,92737518462.0,2.971199999999996,0.8435
53.1322,50.1466,48.9569,92934633422.0,2.985599999999998,0.8485
53.2004,50.0442,56.5918,92791637226.0,3.1562000000000046,0.8366
53.1769,49.9086,59.1325,92949703038.0,3.2683000000000035,0.8011
53.119,49.7587,73.6066,93100182278.0,3.3603000000000023,0.7248
52.9016,49.5594,85.4714,93237342182.0,3.3422000000000054,0.6956
52.558,49.3248,85.0145,93370674022.0,3.2331999999999965,0.5972
52.1853,49.0864,83.4833,93261113494.0,3.0989000000000004,0.5912
51.825,48.8569,80.3888,93087752958.0,2.9681,0.5701
51.5256,48.6503,76.6439,92892577662.0,2.8752999999999957,0.5678
51.2904,48.4657,75.0681,92783558446.0,2.8247,0.5484
51.06100000000001,48.2849,72.3266,92692451382.0,2.7761,0.5386
50.8629,48.115,71.4923,92610350914.0,2.7479000000000013,0.5252
50.6556,47.9436,68.4582,92536445490.0,2.711999999999996,0.4709
50.4859,47.7844,67.5823,92460912594.0,2.701500000000003,0.4715
50.31100000000001,47.6241,77.0329,92384840070.0,2.6869000000000014,0.4553
50.0178,47.4307,82.0019,92489479090.0,2.5870999999999995,0.4944
49.638000000000005,47.2166,77.2722,92610629870.0,2.4213999999999984,0.4694
49.3647,47.0397,75.1398,92468921882.0,2.324999999999996,0.4923
49.1107,46.8722,71.5426,92354920414.0,2.238500000000002,0.4591
48.9076,46.7228,75.1802,92239690158.0,2.1848000000000027,0.4752
48.6431,46.5581,71.8035,92156698118.0,2.0849999999999937,0.5152
48.4257,46.4109,71.3181,92053134598.0,2.014800000000001,0.5032
48.18899999999999,46.261,70.2237,92151579406.0,1.9279999999999973,0.47
47.9463,46.113,68.5842,92057608902.0,1.8333000000000013,0.44
47.7113,45.971000000000004,78.9903,91967506954.0,1.7403000000000048,0.429
47.3302,45.7911,77.7646,92069856502.0,1.5390999999999977,0.4145
46.94,45.6168,76.8723,91968154954.0,1.3232,0.4137
46.5275,45.4449,69.562,91834365370.0,1.0826000000000064,0.4078
46.2778,45.3294,67.4825,91584749322.0,0.9483999999999996,0.3941
46.0423,45.2234,48.018,91313006458.0,0.8188999999999993,0.4235
46.0767,45.1998,53.2124,91155514306.0,0.8768999999999991,0.4461
46.0611,45.1595,65.5346,91239632446.0,0.901600000000002,0.4209
45.937,45.0872,64.6281,91335728334.0,0.8497999999999948,0.4204
45.8082,45.0158,60.8474,91412032190.0,0.7924000000000007,0.4134
45.7143,44.9566,59.3068,91344726258.0,0.7576999999999998,0.3954
45.628,44.901,54.6466,91269934666.0,0.7269999999999968,0.4214
45.5901,44.8605,58.3865,91205977206.0,0.7295999999999978,0.4088
45.5091,44.8076,52.871,91288801374.0,0.7014999999999958,0.3657
45.4884,44.773,60.032,91207654366.0,0.7153999999999954,0.3425
45.3928,44.7165,54.6643,91273227890.0,0.6762999999999977,0.3516
45.3534,44.6777,61.104,91211089798.0,0.6756999999999991,0.3472
45.2474,44.6198,60.0511,91271262238.0,0.6276000000000009,0.3449
45.1415,44.5639,56.3007,91221183070.0,0.5776000000000039,0.3449
45.0737,44.521,53.7012,91149018546.0,0.5527000000000015,0.3474
45.0317,44.4864,60.6706,91224344426.0,0.5452999999999975,0.3516
44.9077,44.4287,57.9836,91288101022.0,0.4789999999999992,0.3253
44.8076,44.3806,46.9937,91209074486.0,0.4269999999999996,0.3177
44.8334,44.3705,46.4998,91139133506.0,0.4628999999999977,0.3012
44.8684,44.3617,53.6083,91072716514.0,0.5067000000000021,0.3194
44.8215,44.3276,40.835,91128535738.0,0.4939000000000036,0.3188
44.9043,44.3311,48.2783,91057610366.0,0.5731999999999999,0.3197
44.9141,44.3105,39.4747,91148561030.0,0.6036000000000001,0.3101
45.0005,44.3105,42.8627,91079100090.0,0.6900000000000048,0.3281
45.0605,44.2995,32.5318,91180241402.0,0.7609999999999957,0.344
45.206,44.31,33.5305,91081964598.0,0.8960000000000008,0.35
45.3582,44.3169,41.0559,91208616982.0,1.0412999999999997,0.3455
45.4386,44.2974,44.8168,91317418770.0,1.1411999999999978,0.3478
45.4917,44.266000000000005,40.9387,91420266362.0,1.2257000000000031,0.36200000000000004
45.5833,44.2421,35.4497,91337751558.0,1.3412000000000006,0.3316
45.7296,44.2292,43.7331,91472065378.0,1.500399999999999,0.3163
45.8026,44.1888,52.3759,91546004838.0,1.6137999999999977,0.3452
45.8121,44.1256,59.9093,91792881478.0,1.6865000000000023,0.3532
45.7707,44.045,64.7034,91706441182.0,1.7256999999999962,0.344
45.6934,43.9525,61.4133,91792994754.0,1.7408999999999963,0.3457
45.6406,43.8663,61.2871,91725350190.0,1.7742999999999969,0.3192
45.5815,43.777,60.7678,91798584030.0,1.8044999999999967,0.3013
45.5202,43.6858,75.8854,91905211226.0,1.8344000000000025,0.3003
45.348,43.5618,74.9212,91990599946.0,1.786200000000001,0.3169
45.1688,43.4377,73.8895,91906865470.0,1.7310999999999979,0.3293
44.9832,43.31399999999999,71.163,91820601618.0,1.6691999999999965,0.3189
44.8203,43.1993,62.0628,91715536922.0,1.6210000000000022,0.3035
44.7596,43.1158,59.6448,91621766882.0,1.6437999999999988,0.2925
44.7167,43.0364,61.9524,91731698054.0,1.6803000000000026,0.2864
44.6505,42.9489,61.6318,91806460242.0,1.7015999999999991,0.2935
44.5789,42.858999999999995,64.1876,91896516542.0,1.7198999999999955,0.2663
44.4755,42.7593,66.3089,91826672690.0,1.7161999999999935,0.2622
44.3387,42.6502,61.1274,91919608590.0,1.6885000000000048,0.2744
44.2656,42.5603,69.1571,91839374930.0,1.7053000000000011,0.2801
44.1123,42.4469,68.4591,91900337746.0,1.6653999999999982,0.2874
43.9501,42.3326,67.0275,91826734598.0,1.6174999999999995,0.2798
43.7926,42.2216,69.8821,91899925510.0,1.570999999999998,0.2209
43.5847,42.0981,66.855,91969101626.0,1.4865999999999957,0.2041
43.4135,41.9885,69.1563,91892369370.0,1.4249999999999972,0.2006
43.1935,41.8674,76.6107,91987150006.0,1.3260999999999967,0.2018
42.8653,41.7196,78.2446,92070265094.0,1.1456999999999982,0.2203
42.4737,41.5609,75.8561,92175113978.0,0.9128000000000044,0.2228
42.1113,41.4201,74.6562,92063156822.0,0.691200000000002,0.2293
41.7378,41.2852,73.0776,91970311858.0,0.4525999999999968,0.226
41.3644,41.16,73.58,91856700750.0,0.2044000000000068,0.2221
40.9312,41.0279,65.8802,91686895058.0,-0.09670000000000556,0.2295
40.6734,40.9582,62.5179,91462089790.0,-0.28479999999999706,0.2293
40.46,40.9089,61.5835,91325817070.0,-0.44890000000000185,0.2243
40.2384,40.8638,44.7679,91059659586.0,-0.6253999999999991,0.2163
40.2872,40.9033,31.7138,90845382082.0,-0.6161000000000029,0.2195
40.4895,40.9863,34.9633,90675672386.0,-0.4968000000000004,0.21100000000000002
40.6567,41.0543,35.1714,90818295742.0,-0.39759999999999707,0.2156
40.8437,41.123999999999995,30.5183,90706443686.0,-0.28030000000000393,0.225
41.1087,41.2111,35.133,90592915350.0,-0.10240000000000292,0.2278
41.3072,41.272,37.0506,90727683418.0,0.03520000000000323,0.215
41.4942,41.324,44.0899,90873745326.0,0.17020000000000124,0.2162
41.5789,41.3413,51.4662,91135709886.0,0.2376000000000005,0.2261
41.5675,41.3283,63.773,91274945086.0,0.23920000000000385,0.2286
41.4157,41.2752,61.0402,91357963238.0,0.14050000000000296,0.237
41.2874,41.2328,57.8772,91251541470.0,0.05460000000000065,0.2448
41.1908,41.203,57.3434,91165227790.0,-0.012199999999999987,0.2439
41.089,41.1744,54.5001,91064730770.0,-0.08539999999999992,0.2422
41.0195,41.158,52.021,90973173630.0,-0.1385000000000005,0.2501
40.9805,41.1525,53.7407,91062900190.0,-0.17200000000000415,0.2358
40.9096,41.1393,47.3998,90948443226.0,-0.22970000000000115,0.2192
40.9354,41.156000000000006,49.5347,90832372354.0,-0.22059999999999744,0.2218
40.9276,41.1628,52.6894,90972393514.0,-0.2351999999999989,0.2145
40.8635,41.1541,34.8218,90864660726.0,-0.2905999999999977,0.225
41.053999999999995,41.2204,39.6529,90726238770.0,-0.16639999999999588,0.2273
41.1772,41.2624,36.7934,90605126586.0,-0.08520000000000039,0.2166
41.3522,41.3159,38.7256,90755473750.0,0.03630000000000422,0.2199
41.5122,41.3601,37.3074,90601879730.0,0.15209999999999724,0.2255
41.7142,41.4116,49.0361,90768553910.0,0.3025999999999982,0.2405
41.7248,41.4023,32.3314,90924405266.0,0.3225000000000051,0.2417
41.928999999999995,41.4475,32.8847,90779314798.0,0.4815000000000039,0.2293
42.1515,41.4914,35.6474,90940310614.0,0.6600999999999999,0.2209
42.3506,41.5213,46.7009,91104514918.0,0.8293000000000035,0.2192
42.4056,41.5032,47.2239,91245504350.0,0.9024,0.2287
42.4615,41.4823,52.7533,91322760506.0,0.9791999999999988,0.2676
42.4542,41.4403,56.5648,91453979286.0,1.0138999999999996,0.2865
42.4003,41.3835,56.2439,91601325110.0,1.0168000000000037,0.2709
42.3439,41.3258,61.1797,91510986850.0,1.0180999999999971,0.2576
42.217,41.2481,67.8649,91627288726.0,0.9688999999999979,0.3073
41.9943,41.1449,64.3084,91751962342.0,0.8494000000000028,0.3272
41.8186,41.06,60.3028,91623740722.0,0.7586000000000013,0.3562
41.6975,40.9944,55.5208,91498200186.0,0.7030999999999992,0.3692
41.6441,40.9505,54.4455,91405545118.0,0.6936000000000035,0.3824
41.6015,40.91,61.8471,91532358966.0,0.6915000000000049,0.3565
41.4511,40.8388,57.0723,91627512990.0,0.6122999999999976,0.3594
41.3717,40.7911,52.2741,91513907526.0,0.5805999999999969,0.3518
41.3636,40.7651,68.745,91360091726.0,0.5985000000000014,0.3819
41.1576,40.6818,71.2805,91555299606.0,0.4757999999999996,0.3831
40.8976,40.5881,71.0671,91689717902.0,0.3094999999999999,0.3782
40.606,40.4922,67.3092,91844458562.0,0.1138000000000048,0.3619
40.3668,40.4192,63.1062,91696912834.0,-0.05239999999999867,0.3683
40.1853,40.3695,59.8658,91563595906.0,-0.18420000000000414,0.3815
40.0419,40.336,62.591,91441579442.0,-0.29410000000000025,0.377
39.8427,40.2911,61.3932,91584913498.0,-0.44839999999999947,0.3585
39.6418,40.251999999999995,62.1045,91719037546.0,-0.6101999999999991,0.3477
39.4015,40.2083,58.5188,91877592718.0,-0.8068000000000026,0.3654
39.215,40.1879,46.5678,91675154338.0,-0.9728999999999955,0.3674
39.233000000000004,40.2327,44.2327,91516477626.0,-0.9997000000000044,0.3732
39.2909,40.2901,36.3032,91388058602.0,-0.9992000000000021,0.3555
39.4752,40.3835,32.7353,91145818022.0,-0.908299999999997,0.33899999999999997
39.7349,40.4948,36.0064,90878923050.0,-0.7598999999999947,0.3218
39.9434,40.5854,39.8885,91077299566.0,-0.6420000000000029,0.3622
40.0861,40.6524,15.7803,91280708086.0,-0.5662999999999982,0.3429
40.5311,40.8026,19.4002,91014206150.0,-0.2714999999999961,0.3211
40.8939,40.9174,29.113000000000003,91278567934.0,-0.02349999999999852,0.3117
41.0731,40.9695,31.5213,91620312234.0,0.10360000000000014,0.3446
41.2381,41.0124,30.1886,91467913574.0,0.2257000000000033,0.3256
41.4369,41.06,24.2633,91343977178.0,0.3768999999999991,0.3033
41.7098,41.1226,32.9638,91524525282.0,0.5872000000000028,0.29
41.8637,41.1426,37.8135,91718262978.0,0.7210999999999999,0.2861
41.9768,41.1455,46.1493,91569775758.0,0.8312999999999988,0.2839
42.0205,41.1241,58.9075,91728422974.0,0.8963999999999999,0.2854
41.977,41.075,59.1762,91930672002.0,0.901999999999994,0.2798
41.9255,41.0235,59.1762,91803861878.0,0.902000000000001,0.2753
41.8666,40.9699,65.5179,91907956610.0,0.8966999999999956,0.2468
41.7547,40.9013,69.4013,92031267846.0,0.8534000000000006,0.2371
41.6009,40.8225,60.466,91910329798.0,0.7784000000000049,0.2405
41.5349,40.7719,70.5418,91779318862.0,0.7629999999999981,0.2656
41.3998,40.7022,65.4489,91895954882.0,0.6976000000000013,0.2642
41.3041,40.6463,59.6443,91795796758.0,0.6578000000000017,0.2836
41.248999999999995,40.6037,53.2929,91725703734.0,0.6452999999999989,0.2839
41.2347,40.5733,61.8022,91820060250.0,0.6613999999999933,0.2763
41.17100000000001,40.5281,60.9957,91905110706.0,0.6428999999999974,0.2908
41.105,40.483000000000004,57.3043,91985647074.0,0.6219999999999999,0.2981
41.0607,40.445,53.3766,91893582366.0,0.6156999999999968,0.2899
41.0407,40.4141,53.3337,91804736986.0,0.6266000000000034,0.3055
41.0182,40.3821,41.9286,91920015598.0,0.636099999999999,0.3799
41.0733,40.3719,43.378,91819823406.0,0.7014000000000067,0.3368
41.123999999999995,40.3578,45.2551,91922398250.0,0.7662000000000049,0.3555
41.1656,40.3384,40.9424,91858407294.0,0.8271999999999977,0.3403
41.2438,40.327,43.3319,91771719046.0,0.9168000000000021,0.3125
41.3094,40.3083,61.1297,91903591714.0,1.001099999999994,0.326
41.2519,40.251,59.1446,91903591714.0,1.0009000000000017,0.3194
41.2036,40.1963,63.1271,91822164410.0,1.0073000000000008,0.348
41.1246,40.1326,64.0138,91914165978.0,0.9920000000000044,0.3597
41.0287,40.0648,63.5822,92022481466.0,0.9639000000000024,0.3493
40.9244,39.9956,59.9825,91907155334.0,0.9287999999999954,0.3937
40.8477,39.9358,56.1434,91758936806.0,0.9119000000000028,0.4006
40.8021,39.8855,56.5403,91839814034.0,0.9166000000000024,0.3828
40.7465,39.8323,55.5505,91747245066.0,0.914200000000001,0.3428
40.6949,39.7802,46.2673,91823026894.0,0.9146999999999964,0.3148
40.7366,39.7548,50.4108,91690658690.0,0.9817999999999998,0.3374
40.7403,39.7157,45.4331,91598271202.0,1.0245999999999995,0.3516
40.7942,39.6893,39.7269,91500392750.0,1.1048999999999936,0.3
40.9081,39.6768,43.9438,91613290178.0,1.2312999999999974,0.3096
40.985,39.6485,55.5851,91721323890.0,1.3365000000000011,0.2943
40.9562,39.5857,46.0738,91849784098.0,1.3704999999999998,0.2876
41.0097,39.5451,47.8224,92008144418.0,1.4646000000000043,0.2905
41.0544,39.4981,56.6993,91847454946.0,1.5563000000000002,0.2923
41.0304,39.4277,64.9337,92010608242.0,1.6026999999999991,0.3153
40.9461,39.3382,68.983,92112482010.0,1.6079000000000008,0.299
40.8241,39.2377,69.2421,92194627262.0,1.5864000000000047,0.2981
40.6829,39.1326,65.1418,92138521186.0,1.5503,0.2628
40.580999999999996,39.0402,57.5985,92038532090.0,1.5408000000000044,0.2503
40.5525,38.9692,55.9699,91939030206.0,1.5833000000000013,0.2275
40.5367,38.9,59.0968,92002927754.0,1.6367000000000047,0.2293
40.493,38.8207,59.6567,92089590998.0,1.6723,0.215
40.4383,38.7369,56.4469,91995601694.0,1.7013999999999996,0.2302
40.4171,38.6614,68.9789,92110411098.0,1.7556999999999974,0.2608
40.2881,38.5528,71.1078,92204764902.0,1.7353000000000025,0.2952
40.125,38.4354,78.7654,92272077002.0,1.6895999999999989,0.2828
39.8836,38.2975,77.9293,92372321734.0,1.5861000000000018,0.2914
39.6293,38.1601,77.3575,92486867858.0,1.4692000000000007,0.3402
39.3539,38.0214,76.4422,92391237302.0,1.3325000000000031,0.2838
39.0647,37.8844,74.5335,92295593646.0,1.1803000000000026,0.2981
38.7866,37.7568,80.7661,92158623382.0,1.0298000000000016,0.3373
38.4133,37.6081,72.8045,91923888078.0,0.8051999999999992,0.3393
38.2028,37.5151,83.7433,91793047918.0,0.6877000000000066,0.3937
37.8865,37.3966,81.5379,91925451306.0,0.4898999999999986,0.7979
37.5919,37.2925,75.4319,91783552618.0,0.2994000000000057,0.8444
37.3915,37.223,62.6935,91607859450.0,0.16850000000000165,0.9002
37.3189,37.1954,52.8378,91432242850.0,0.12349999999999994,0.9699
37.3059,37.1866,51.0291,91365236086.0,0.11930000000000265,0.8686
37.3019,37.1806,47.5195,91445742302.0,0.12130000000000507,0.7644
37.3184,37.1804,50.6831,91377191378.0,0.13799999999999812,0.7291
37.3169,37.1743,49.2645,91463809222.0,0.1425999999999945,0.7244
37.3247,37.1707,49.9105,91369360238.0,0.15400000000000347,0.7386
37.3288,37.1656,72.2718,91537805542.0,0.16320000000000334,0.8189
37.2088,37.1247,70.1746,91602440178.0,0.0840999999999994,0.882
37.0934,37.0883,62.72,91527174426.0,0.0051000000000058785,0.8323
37.0255,37.0686,56.6515,91431595906.0,-0.04310000000000258,0.8008
36.9875,37.0596,54.4859,91366445474.0,-0.07210000000000605,0.7903
36.9571,37.0538,52.3431,91430628354.0,-0.09670000000000556,0.6971
36.9353,37.0515,52.8439,91364197582.0,-0.1161999999999992,0.7319
36.9074,37.0483,51.6436,91302372258.0,-0.14089999999999492,0.7076
36.8839,37.0473,47.5217,91237571742.0,-0.16340000000000288,0.6602
36.8856,37.0545,43.4411,91303266738.0,-0.16890000000000072,0.7186
36.9143,37.0696,40.5442,91219135538.0,-0.15530000000000402,0.8227
36.9659,37.0907,41.878,91298512246.0,-0.12480000000000048,0.8647
37.0119,37.1089,42.7099,91233926694.0,-0.09700000000000132,0.9484
37.056,37.1255,38.0587,91308026134.0,-0.069500000000005,0.9087
37.1421,37.1529,39.9491,91204600014.0,-0.010800000000003251,0.8552
37.2174,37.1748,39.5917,91292186382.0,0.04260000000000018,1.0071
37.3065,37.1986,31.3366,91192348174.0,0.10790000000000076,1.0382
37.477,37.2429,22.938000000000002,91050464234.0,0.23409999999999803,1.0602
37.7327,37.3064,26.2102,91226153570.0,0.4263000000000048,0.9555
37.9559,37.3527,34.4449,91410611266.0,0.6032000000000011,0.9613
38.0825,37.3643,40.8642,91557184794.0,0.7182000000000031,0.9785
38.1558,37.3559,46.8945,91763957750.0,0.7999000000000009,0.8437
38.1849,37.3316,49.3364,91682568342.0,0.8532999999999973,0.8504
38.1977,37.3004,41.893,91794327214.0,0.8972999999999942,0.8313
38.2681,37.2839,43.7262,91601512646.0,0.9841999999999942,0.8256
38.3309,37.2617,46.8487,91693807230.0,1.0692000000000021,0.7768
38.3727,37.23,58.5688,91871382238.0,1.142700000000005,0.8509
38.3274,37.1704,49.8785,92155938714.0,1.1569999999999965,0.7678
38.3473,37.1289,51.5385,92031823010.0,1.2183999999999957,0.7606
38.3579,37.0821,57.413999999999994,92144555646.0,1.2758000000000038,0.7859
38.3281,37.0216,60.5453,92231447626.0,1.3064999999999998,0.7912
38.273,36.9525,65.9777,92316163814.0,1.320500000000003,0.7644
38.1747,36.8705,71.8342,92433432030.0,1.3042000000000016,0.7874
38.0267,36.775,69.1077,92367397758.0,1.2516999999999996,0.8791
37.8969,36.6868,69.9482,92261748002.0,1.2101000000000042,0.7267
37.7432,36.5935,59.7626,92153852218.0,1.1497000000000028,0.7066
37.6933,36.5323,59.9603,92036620770.0,1.1610000000000014,0.6927
